<?xml version="1.0" encoding="UTF-8"?>
<addon id="plugin.video.tata_to_video"
       name="[COLOR lime]TATA.TO - VIDEO[/COLOR]"
	   version="1.0.3"
	   provider-name="Loki1979">
    <requires>
        <import addon="xbmc.python" version="2.7.11" />
    </requires>
    <extension point="xbmc.python.pluginsource" library="addon.py">
        <provides>video</provides>
    </extension>
    <extension point="xbmc.addon.metadata">
        <platform>all</platform>
        <summary>TATA.TO - VIDEO</summary>
        <language></language>
        <description>TATA.TO - VIDEO : 
https://www.tata.to</description>
        <platform>all</platform>
    </extension>
</addon>
