<?xml version="1.0" encoding="UTF-8" standalone="yes"?>
<addon id="repository.kodiman.public" name="[COLOR lime]KODIMANS PUBLIC REPOSITORY[/COLOR]" version="1.0.2" provider-name="[COLOR lime]KODIMAN | HSK-DE[/COLOR]">
    <extension point="xbmc.addon.repository" name="KODIMANS PUBLIC REPOSITORY">
		<info compressed="false">https://raw.githubusercontent.com/Kodiman1402/repository.kodiman.public-1.0.2/master/addons.xml</info>
		<checksum>https://raw.githubusercontent.com/Kodiman1402/repository.kodiman.public-1.0.2/master/addons.xml.md5</checksum>
		<datadir zip="true">https://raw.githubusercontent.com/Kodiman1402/repository.kodiman.public-1.0.2/master/</datadir>
    </extension>
    <extension point="xbmc.addon.metadata">
        <summary>[COLOR lime]KODIMANS PUBLIC REPOSITORY[/COLOR]</summary>
        <description>Forum :
https://www.kodiman.net/
Hardware - Software - Kodi - DE :
https://www.facebook.com/groups/hskde/</description>
        <platform>all</platform>
    </extension>
</addon>