<?xml version="1.0" encoding="UTF-8"?>
    <addon id="repository.lasesliebesein" name="lasesliebesein" version="0.1.0" provider-name="Anachnu">
        <requires>
            <import addon="xbmc.addon" version="12.0.0"/>
        </requires>
        <extension point="xbmc.addon.repository" name="lasesliebesein">
            <info compressed="false">https://github.com/anachnu/lasesliebesein_repo/addons.xml</info>
            <checksum>https://github.com/anachnu/lasesliebesein_repo/addons.xml.md5</checksum>
            <datadir zip="true">https://github.com/anachnu/lasesliebesein_repo/</datadir>
            <hashes>false</hashes>
        </extension>
        <extension point="xbmc.addon.metadata">
            <summary>Mein Kodi Repo</summary>
            <description>Download and Install Addons From Anachnu</description>
            <platform>all</platform>
    </extension>
</addon>